<?xml version="1.0" encoding="UTF-8"?>
<metadata modelVersion="1.1.0">
  <groupId>SwirldsPlatform</groupId>
  <artifactId>platform-swirlds</artifactId>
  <version>0.0.1-SNAPSHOT</version>
  <versioning>
    <snapshot>
      <timestamp>20181023.185910</timestamp>
      <buildNumber>1</buildNumber>
    </snapshot>
    <lastUpdated>20181023185910</lastUpdated>
    <snapshotVersions>
      <snapshotVersion>
        <extension>pom</extension>
        <value>0.0.1-20181023.185910-1</value>
        <updated>20181023185910</updated>
      </snapshotVersion>
    </snapshotVersions>
  </versioning>
</metadata>
